3/query,7/query,4/query,8/query,1/query,2/query,5/query,6/query,
0.4082482904638631,0.4082482904638631,0.35355339059327373,0.2886751345948129,0.0,0.0,0.0,0.0,
