7/query,4/query,3/query,8/query,1/query,2/query,5/query,6/query,
0.8689301507275149,0.22098492205037049,0.17424516677792923,0.1404835353479793,0.0,0.0,0.0,0.0,
